"A_City","A_Street","A_Zip","Address","AirtableRecordId","ambasadorVerifyForm","AmbDescription","AmbName","AmbNameHeading","Country","created","DateFormula","DateStart","day of week","EventType","FacebookURL","Geocoded","Latitude","LinkToMembers","LocationHeading","Longitude","Number","ProfanityChecker","PublishTimeUpdated","RaceID","RaceRecID","SafeToPublish","State","TimeEnd","TimeStart"
"Salem ","1900 Dutch Oven Road","24153","1900 Dutch Oven Road
Salem , Virginia 24153
United States
","recu2QvXSaAkFBcIO","https://nacanicross.fillout.com/t/i7gVYy8GSWus?id=recu2QvXSaAkFBcIO","Meetup at the Hanging Rock Battlefield Trailhead for a 3 mile out and back on a gravel trail. Then stay afterwards for a coffee and pup cup at Sycamore Station!
","Ashton Lesiak","Event by:  Ashton Lesiak","United States","09/06/2026 14:15:04","10/11/26","2026-10-11","Sun","Ambassador Group Meetup","https://www.facebook.com/share/1Raa4yv64m/","True","37.293198","recZg9c9wMMYUO2C5","Location:  Virginia","-80.0556773","673","True","09/06/2026 14:15:14","Race673_10/11/26","recu2QvXSaAkFBcIO","True","Virginia",,"28800"
"Plymouth ","12605 Rockford rd ","55441","12605 Rockford rd 
Plymouth , Minnesota 55441
United States
","recdaYYDXJGLwchkM","https://nacanicross.fillout.com/t/i7gVYy8GSWus?id=recdaYYDXJGLwchkM","Canicross/skijoring clinic 
","Alexandra  K Johnson","Event by:  Alexandra  K Johnson","United States","09/06/2026 15:05:47","10/11/26","2026-10-11","Sun","Ambassador Group Meetup",,"True","45.030945","recB0ZbraZB6ENTxi","Location:  Minnesota","-93.4394772","675","True","09/06/2026 15:05:52","Race675_10/11/26","recdaYYDXJGLwchkM","True","Minnesota","12:00","32400"
"Bristol","53373 County Road 131","46507","53373 County Road 131
Bristol, Indiana 46507
United States
","rectHBowmypVw8rUl","https://nacanicross.fillout.com/t/i7gVYy8GSWus?id=rectHBowmypVw8rUl","Hey Indiana friends! Ready to get a jump start on the Dungeon Canicross Crawl, or simply ready to dust off the summer cobwebs and get running again? 

The weather is looking gorgeous for Sunday and I hope to see you there. There's multiple trails in various lengths, so you can choose your own adventure whether you're a long distance runner or just getting started.

WHERE:
We will plan on meeting at the Briar Patch Shelter at Bonneyville Mill County Park in Bristol, Indiana

53373 Co Rd 131, Bristol, IN 46507
41°42'57.1""N 85°45'53.4""W

RUN:
From the Briar Patch Shelter, you have 2 nearby trails to hop onto: 
   (1) South Loop = 1.15mi. It's a nice trail with a mixture of scenery, restrooms along the route, and an overlook area sort of around the halfway mark. There are additional trail segments (mileage not included) so if you wanted to do more than one lap, you'd have different scenery each time!
   (2) Valley Line Loop = 0.6mi. Across the street from South Loop. More grassy and narrower trail running alongside a small pond, restrooms and shelter also along this trail. 

RSVP:
Please mark ""Interested"" or ""Going"" if you plan on joining me! I don't want any chance of canceling an event and you showing up without me. 
I'll include a map of the trails on the Facebook event page. Please don't hesitate to message me if you have any questions or hesitations beforehand!
","Rachel Weber","Event by:  Rachel Weber","United States","10/01/2026 16:34:16","10/11/26","2026-10-11","Sun","Ambassador Group Meetup","https://www.facebook.com/share/18RRVXJ3kr/","True","41.7214415","recBYtFuo9n0GPUEV","Location:  Indiana","-85.8175361","706","True","10/01/2026 16:34:34","Race706_10/11/26","rectHBowmypVw8rUl","True","Indiana",,"36000"
"Phoenix","12950 N 7th St","85022","12950 N 7th St
Phoenix, Arizona 85022
United States
","recBMtRfWLMbNuKAY","https://nacanicross.fillout.com/t/i7gVYy8GSWus?id=recBMtRfWLMbNuKAY","Let's go do the loop at North Mountain, the loop is very hikeable or runnable it is 2.9 miles. We will be doing the loop to the west of the parking lot. Plan to be there at about 745/8 for a start time of 815. Meetup in the very southern most tip of the parking lot (when you pull in just go straight back and dont turn at all). Bathrooms are available but I dont believe they have water, make sure you bring plenty. All paces are welcome!
","Vala J Zupko","Event by:  Vala J Zupko","United States","10/02/2026 20:07:52","10/17/26","2026-10-17","Sat","Ambassador Group Meetup","https://www.facebook.com/events/1386724700297075?acontext=%7B%22event_action_history%22%3A[%7B%22surface%22%3A%22notifications_tab%22%7D%2C%7B%22mechanism%22%3A%22attachment%22%2C%22surface%22%3A%22newsfeed%22%7D]%2C%22ref_notif_type%22%3A%22feed_comment%22%7D","True","33.5985323","recsGquepKgnISvTb","Location:  Arizona","-112.0668521","708","True","10/02/2026 20:08:04","Race708_10/17/26","recBMtRfWLMbNuKAY","True","Arizona",,"28800"
"Olathe","11834 Wycoff St ","66061","11834 Wycoff St 
Olathe, Kansas 66061
United States
","recSdLPxUI8p71Luv","https://nacanicross.fillout.com/t/i7gVYy8GSWus?id=recSdLPxUI8p71Luv","We will be meeting at the Kill Creek Streamway Trail head. Fun run to meet up with local Canicross teams!! Runners and Cani-Hikers welcome also.
Please bring your own gear-
\*y front harness
\*running belt
\*running leash
If you have not signed the waiver before please do so! Once it is signed once you do not need to do so again. Link for the waiver will be below.
This will be a no greet event… do not let your dog go up to another dog.
All paces and experiences are welcome!
Event waiver-
https://nacanicross.fillout.com/t/dQrpDEnWaEus
","Jessika C Puckett","Event by:  Jessika C Puckett","United States","09/29/2026 20:00:49","10/18/26","2026-10-18","Sun","Ambassador Group Meetup","https://www.facebook.com/share/19nVp4rtqL/","True","38.8838856","recvB3X9IPLKn4S50","Location:  Kansas","-94.81887","705","True","09/29/2026 20:01:05","Race705_10/18/26","recSdLPxUI8p71Luv","True","Kansas","10:00","30600"
"Huntsville","Hickory Cove Landtrust","35810","Hickory Cove Landtrust
Huntsville, Alabama 35810
United States
","rec04KmEe5nabNeIU","https://nacanicross.fillout.com/t/i7gVYy8GSWus?id=rec04KmEe5nabNeIU","Come and explore a new addition to the Hickory Cove Landtrust.
Expect incline hiking condition.  Running is NOT expected, but you are welcome to run ahead on the closed loop trai, or hike with the group.
Expect to hike 5+ miles total, across the beautiful Monte Sano East side to Bankhead Parkway Landtrust.
Pavilion is available for rest/water/eats...then it is downhill all the way back!
Need more information, reach out by way of email - fancyfannies@comcast.net 
","Susan Hill","Event by:  Susan Hill","United States","09/13/2026 15:07:05","10/24/26","2026-10-24","Sat","Ambassador Group Meetup",,"True","34.729847","reccnNSpd4OrWdlNc","Location:  Alabama","-86.5859011","693","True","09/13/2026 15:07:13","Race693_10/24/26","rec04KmEe5nabNeIU","True","Alabama","12:00","28800"
"Brighton","6301 Kensington Rd","48116","6301 Kensington Rd
Brighton, Michigan 48116
United States
","recBYg3wSQB4cTOtG","https://nacanicross.fillout.com/t/i7gVYy8GSWus?id=recBYg3wSQB4cTOtG","Canicross/Canihike meet up to complete the NACC Steeplechase Stampede virtual race! All paces and experience levels welcome! My huskies & I will probably hike the route. 

When: Saturday October 31st 10am

Where: Island Lake Recreation Area, Kent Lake Beach Rd parking lot

Route: ~3 miles of the Hickory Ridge Trail, you may do the full 5 miles if you wish.

Komoot link for the 3 miles↙️
https://www.komoot.com/tour/3289794954?ref=itd&share_token=a5G2ZVW0Hjb4vqeY0297OEIUqhXIIUUF6zPaok0QwCwVvT54Kv&ref=its&t_s=referral&t_cid=route_share&t_ref_username=6194427138072

AllTrails FULL 5 MILE TRAIL link↙️
https://www.alltrails.com/trail/us/michigan/hickory-ridge-trail--2?p=-1&sh=azzd73&utm_medium=trail_share&utm_source=alltrails_virality

Rules:
NACC has a “No Greet” policy for the dogs. Dogs are required to be on leash at all times. Waiver must be signed if you haven’t done so before. Any questions please ask!!
","Mikala Kieling","Event by:  Mikala Kieling","United States","09/20/2026 17:50:54","10/31/26","2026-10-31","Sat","Ambassador Group Meetup","https://facebook.com/events/s/michigan-canicrosscanihike-mee/3186787934865856/","True","42.5339846","recl5KlFnj3ix50c3","Location:  Michigan","-83.6917389","695","True","09/20/2026 17:51:04","Race695_10/31/26","recBYg3wSQB4cTOtG","True","Michigan",,"36000"
"Augusta","5163 Fort Custer Dive","49012","5163 Fort Custer Dive
Augusta, Michigan 49012
United States
","recOsU5grYnRRTbQL","https://nacanicross.fillout.com/t/i7gVYy8GSWus?id=recOsU5grYnRRTbQL","Are you ready for a fun social run at a great place with fabulous people!  Fort Custer recreation is a perfect location with numerous trails to choose from.  Saturday, 11/7, the Mid Union Sled Haulers (MUSH) are holding their annual fall race there.  Sunday, 11/8 we are going to do a social training run.  Distance is yet to be determined.  I’ll be relying on fellow MUSH club members to pick the route so we don’t get lost as they know the trails better than I do.  All running abilities are highly encouraged to join!  Stay around after the run and visit with some of the other MUSH members who also participate in other aspects of dryland racing.  

MUSH membership is not required for the social run on 11/8, however it is required if you’d like to race on 11/7.  State park pass is required for entry in the park.  Parking will be designated to a particular area of the campground (campsites #111 through #219).  Water sources are available on site along with bathroom facilities.  

If you are NOT a titling member of North American Canicross, first, why not?  Second, there is a waiver to sign for NACC.  There is not a digital link but I can forward it over to you.  Also check out NACC at https://nacanicross.com/
","Jenny Goudreau","Event by:  Jenny Goudreau","United States","09/03/2026 23:39:02","11/08/26","2026-11-08","Sun","Ambassador Group Meetup","https://www.facebook.com/share/1JrUeizyo6/?mibextid=wwXIfr","True","42.3364294","recHCsCHgixDCYA2I","Location:  Michigan","-85.3522219","671","True","09/03/2026 23:39:18","Race671_11/08/26","recOsU5grYnRRTbQL","True","Michigan",,"36000"
"Yaphank","116 Yaphank Middle Island rd","11787","116 Yaphank Middle Island rd
Yaphank, New York 11787
United States
","rec5aM7ybb3LhnXsh","https://nacanicross.fillout.com/t/i7gVYy8GSWus?id=rec5aM7ybb3LhnXsh","1 mile loop introduction to canicross - come check out what canicross is all about! 
","Jen Towers","Event by:  Jen Towers","United States","05/22/2026 20:15:39","05/25/27","2027-05-25","Tue","Ambassador Group Meetup",,"True","40.8633903","recE7N2fFS4uT5K0D","Location:  New York","-72.9393475","562","True","05/22/2026 20:15:51","Race562_05/25/27","rec5aM7ybb3LhnXsh","True","New York","20:00","68400"
