"A_City","A_Street","A_Zip","Address","AirtableRecordId","ambasadorVerifyForm","AmbDescription","AmbNameHeading","Country","created","DateFormula","DateStart","day of week","EventType","Geocoded","Latitude","LocationHeading","Longitude","Number","ProfanityChecker","PublishTimeUpdated","RaceID","RaceName","RaceRecID","RaceURL","SafeToPublish","SentToZite","State","TimeDurationTemp","TimeEnd","TimeStart"
,,,"New York 392
Cortland , New York 13045
United States
","reckc9SVQ0UjI9MrD","https://nacanicross.fillout.com/t/i7gVYy8GSWus?id=reckc9SVQ0UjI9MrD","
","Event by:  ","United States","01/26/2026 21:52:37","09/13/26","2026-09-13","Sun","Dog Friendly Trail Race","True","42.508689906339875","Location:  New York","-76.19533264610952","405","True","02/18/2026 18:12:19","Race405_09/13/26","Greek Peak Running Festival ","reckc9SVQ0UjI9MrD","https://raceroster.com/events/2026/114967/greek-peak-running-festival","True","True","New York",,,
"Gary","376 N. County Line Rd.","46403","376 N. County Line Rd.
Gary, Indiana 46403
United States
","recNSVgCUc13P9zeI","https://nacanicross.fillout.com/t/i7gVYy8GSWus?id=recNSVgCUc13P9zeI","
","Event by:  ","United States","08/26/2026 14:15:55","09/13/26","2026-09-13","Sun","Canine OCR","True","41.6132309","Location:  Indiana","-87.2226319","667","True","08/26/2026 14:16:02","Race667_09/13/26","Leon's Canine Obstacle Run","recNSVgCUc13P9zeI","https://www.adventuresignup.com/Race/IN/Gary/LeonsHeroesObstacleCourseRace","True",,"Indiana",,,
"Corrales","500 Jones Road","87048","500 Jones Road
Corrales, New Mexico 87048
United States
","recxtnxejRY4t543U","https://nacanicross.fillout.com/t/i7gVYy8GSWus?id=recxtnxejRY4t543U","
","Event by:  ","United States","09/10/2026 19:49:40","09/13/26","2026-09-13","Sun","Dog Friendly Trail Race","True","35.2218837","Location:  New Mexico","-106.6225684","682","True","09/10/2026 19:49:45","Race682_09/13/26","Corrales Ditch Run","recxtnxejRY4t543U","https://runsignup.com/Race/NM/Corrales/CorralesDitchRun?fbclid=IwY2xjawUP6OxwZG9mAWV4dG4DYWVtAjExAHNydGMGYXBwX2lkEDIyMjAzOTE3ODgyMDA4OTIAAR73Fxb-WEPOz76lxO_3JydKGZ9zUO-HQ-qPXtM5RfAjm73fdV035RMHHyrEuQ_aem_SJMOLD4R6PX_K5MObfMeEQ","True",,"New Mexico",,,
,,,"1701 Old River Rd
Columbus, Georgia 31904
United States
","recjFfS5j8A7kxhTD","https://nacanicross.fillout.com/t/i7gVYy8GSWus?id=recjFfS5j8A7kxhTD","
","Event by:  ","United States","11/20/2025 19:57:34","09/19/26","2026-09-19","Sat","Canicross Race","True","32.583105966719565","Location:  Georgia","-85.02472877881146","391","True","02/18/2026 18:12:16","Race391_09/19/26","Standing Boy Trail Festival","recjFfS5j8A7kxhTD","https://ultrasignup.com/register.aspx?did=132537","True","True","Georgia","27000","10:30","27000"
"Hanover","Codorus State Park","17331","Codorus State Park
Hanover, Pennsylvania 17331
United States
","rec1xfrhEXR5kZTRI","https://nacanicross.fillout.com/t/i7gVYy8GSWus?id=rec1xfrhEXR5kZTRI","
","Event by:  ","United States","07/11/2026 16:58:09","09/19/26","2026-09-19","Sat","Dog Friendly Trail Race","True","39.7913553","Location:  Pennsylvania","-76.9198098","619","True","07/11/2026 16:58:13","Race619_09/19/26","Trails 4 Tails","rec1xfrhEXR5kZTRI","https://ultrasignup.com/register.aspx?did=132173&fbclid=IwY2xjawS_UjlleHRuA2FlbQIxMABicmlkETJOMTBVZ0doVDdHb09IYXNPc3J0YwZhcHBfaWQQMjIyMDM5MTc4ODIwMDg5MgABHokuD9Xfo5ipmnE9C_tPhWXxGbqx8zXwPt3VOB0pypRpiwbwsMFFlpQdh4It_aem_JbWX_06rIhr8raoE21BXIQ","True",,"Pennsylvania",,,
,,,"South Shore Drive/Lake Windwing
Ridgefield, Connecticut 06877
United States
","recvjNNGpjLOODJ6U","https://nacanicross.fillout.com/t/i7gVYy8GSWus?id=recvjNNGpjLOODJ6U","
","Event by:  ","United States","01/03/2026 01:24:17","09/20/26","2026-09-20","Sun","Dog Friendly Trail Race","True","41.34073490579629","Location:  Connecticut","-73.51023178708333","392","True","02/18/2026 18:12:36","Race392_09/20/26","Where The Pavement Ends (Single 4.25M or Double 8.5M loop)","recvjNNGpjLOODJ6U","https://runsignup.com/Race/CT/Ridgefield/WherethePavementEnds","True","True","Connecticut","27000",,"27000"
"Coal Valley","7625 120th Avenue","61240","7625 120th Avenue
Coal Valley, Illinois 61240
United States
","recruE6jVECKFB8Lv","https://nacanicross.fillout.com/t/i7gVYy8GSWus?id=recruE6jVECKFB8Lv","
","Event by:  ","United States","04/07/2026 22:16:56","09/20/26","2026-09-20","Sun","Dog Friendly Trail Race","True","41.4430956","Location:  Illinois","-90.4613634","499","True","04/07/2026 22:17:02","Race499_09/20/26","Wagging Tails On Trails Run / Walk","recruE6jVECKFB8Lv","https://casecreekobstacles.com/trail-run/?fbclid=IwY2xjawRCYXdleHRuA2FlbQIxMQBzcnRjBmFwcF9pZBAyMjIwMzkxNzg4MjAwODkyAAEet6bjSUorzJXh1zGlrurUFdSQJoVOflDHay_n1t_5jdbK8Dzl6UZBLQNNhVY_aem_syL8SGqEB31LqEXiI2CL7Q","True",,"Illinois",,,
"Coal Valley","7625 120th Ave","61240","7625 120th Ave
Coal Valley, Illinois 61240
United States
","rec3xvMTBsXeR2HI1","https://nacanicross.fillout.com/t/i7gVYy8GSWus?id=rec3xvMTBsXeR2HI1","
","Event by:  ","United States","06/15/2026 21:18:27","09/20/26","2026-09-20","Sun","Dog Friendly Trail Race","True","41.4430956","Location:  Illinois","-90.4613634","590","True","06/15/2026 21:18:48","Race590_09/20/26","Case Creek Wagging Tails on Trails 2K & 5K Run/Walk","rec3xvMTBsXeR2HI1","https://raceroster.com/events/2026/117580/case-creek-tails-on-trails-fall-2k-and-5k-run-walk","True",,"Illinois",,,
"Coal Valley","7625 120th Avenue","61240","7625 120th Avenue
Coal Valley, Illinois 61240
United States
","recXAioiSWPjpxwrE","https://nacanicross.fillout.com/t/i7gVYy8GSWus?id=recXAioiSWPjpxwrE","
","Event by:  ","United States","07/28/2026 19:13:32","09/20/26","2026-09-20","Sun","Dog Friendly Trail Race","True","41.4430956","Location:  Illinois","-90.4613634","635","True","07/28/2026 19:13:37","Race635_09/20/26","Tails on Trails","recXAioiSWPjpxwrE","https://raceroster.com/events/2026/117580/case-creek-tails-on-trails-fall-2k-and-5k-run-walk?utm_id=97757_v0_s00_e0_tv2_a1demo0h8f5b3r&fbclid=IwY2xjawTV2qVleHRuA2FlbQIxMQBzcnRjBmFwcF9pZBAyMjIwMzkxNzg4MjAwODkyAAEewepDd5-IhRcrfUucUitsgxn_FMkAbi111f9o6iY_a3Nuv7T4MMqbbu2sgEg_aem_xBDKfb76fFlhGlxDXuvJ1A","True",,"Illinois",,,
,,,"Elk City Lake
Independence , Kansas 67301
United States
","rec4VbmtPL6PfTbz3","https://nacanicross.fillout.com/t/i7gVYy8GSWus?id=rec4VbmtPL6PfTbz3","
","Event by:  ","United States","11/28/2025 19:19:31","09/26/26","2026-09-26","Sat","Dog Friendly Trail Race","True","37.27726","Location:  Kansas","-95.78665","393","True","02/18/2026 18:11:28","Race393_09/26/26","FlatRock","rec4VbmtPL6PfTbz3","https://ultrasignup.com/register.aspx?did=132317&fbclid=IwVERDUAOW1MxleHRuA2FlbQIxMABzcnRjBmFwcF9pZAwzNTA2ODU1MzE3MjgAAR6dtY9lz0xcxKUe7ihKdnWg_qVYo2t5RkZgKNWv6FWkYRLnaB7j0szw2b5DuA_aem_7CBs0prORq1Ibx_wCuBm0g","True","True","Kansas","25200",,"25200"
"Rapidan","23042 Cedar Mountain Rd","22733","23042 Cedar Mountain Rd
Rapidan, Virginia 22733
United States
","reckfkvZggOkzc52L","https://nacanicross.fillout.com/t/i7gVYy8GSWus?id=reckfkvZggOkzc52L","
","Event by:  ","United States","07/01/2026 21:54:58","09/26/26","2026-09-26","Sat","Dog Friendly Trail Race","True","38.312578","Location:  Virginia","-78.0658296","602","True","07/01/2026 21:55:13","Race602_09/26/26","Bull Run Hunt K95K","reckfkvZggOkzc52L","https://runsignup.com/Race/VA/Rapidan/BullRunHuntK95K","True",,"Virginia",,,
"Colchester","1317 Camp Kiniya Road","05446","1317 Camp Kiniya Road
Colchester, Vermont 05446
United States
","recRApnolHxHQTgbz","https://nacanicross.fillout.com/t/i7gVYy8GSWus?id=recRApnolHxHQTgbz","
","Event by:  ","United States","08/17/2026 20:48:50","09/26/26","2026-09-26","Sat","Canine OCR","True","44.6055164","Location:  Vermont","-73.2280286","657","True","08/17/2026 20:48:55","Race657_09/26/26","Green Mountain Iron Dog","recRApnolHxHQTgbz","https://www.irondogvt.com/?utm_content=link_in_bio&utm_source=ig&utm_medium=social&fbclid=IwY2xjawTwSBZwZG9mBWV4dG4DYWVtAjExAHNydGMGYXBwX2lkEDIyMjAzOTE3ODgyMDA4OTIAAR78uROh7kjX6v2TG9RDcrUdxPpj7UxQldbNAwmYgbMClRkc5gJkXo4bdsedig_aem_FPhAjV9Z1s8_uV4zljnIvA","True",,"Vermont",,,
"Seeley Lake","Montana Highway 83 ","59868","Montana Highway 83 
Seeley Lake, Montana 59868
United States
","recPoHd3xrgXzaw0j","https://nacanicross.fillout.com/t/i7gVYy8GSWus?id=recPoHd3xrgXzaw0j","
","Event by:  ","United States","09/10/2026 20:09:32","09/26/26","2026-09-26","Sat","Canicross Race","True","47.1552987","Location:  Montana","-113.4484281","685","True","09/10/2026 20:09:44","Race685_09/26/26","Seeley Lake Dryland Showdown 2026","recPoHd3xrgXzaw0j","https://www.bitterrootdogpoweredsports.com/dryland-race","True",,"Montana",,,
"Lake Orion","Orion Oaks Park 1200 Joslyn Rd","48360","Orion Oaks Park 1200 Joslyn Rd
Lake Orion, Michigan 48360
United States
","recfTCcVoB0tclvYz","https://nacanicross.fillout.com/t/i7gVYy8GSWus?id=recfTCcVoB0tclvYz","
","Event by:  ","United States","08/24/2026 13:04:03","09/27/26","2026-09-27","Sun","Dog Friendly Trail Race","True","42.7844752","Location:  Michigan","-83.2396612","662","True","08/24/2026 13:04:13","Race662_09/27/26","THE ROOTED HALF MARATHON & 5K","recfTCcVoB0tclvYz","https://runsignup.com/Race/MI/LakeOrion/THEROOTEDHALFMARATHON5K","True",,"Michigan",,,
"Cle Elum","850 Camp Koinonia Ln","98922","850 Camp Koinonia Ln
Cle Elum, Washington 98922
United States
","recbxSuJ8hSG6Hy8J","https://nacanicross.fillout.com/t/i7gVYy8GSWus?id=recbxSuJ8hSG6Hy8J","
","Event by:  ","United States","09/10/2026 20:11:49","10/02/26","2026-10-02","Fri","Canicross Race","True","47.1952417","Location:  Washington","-120.940063","686","True","09/10/2026 20:11:55","Race686_10/02/26","IRON PAWS DRYLAND WORLD CUP RACE","recbxSuJ8hSG6Hy8J","https://ironpawfactory.com/shop/","True",,"Washington",,,
,,,"4218 Co Rd 3A 
Cañon City, Colorado 81212
United States
","recBKirSu7FAiq8mk","https://nacanicross.fillout.com/t/i7gVYy8GSWus?id=recBKirSu7FAiq8mk","
","Event by:  ","United States","01/23/2026 18:54:55","10/03/26","2026-10-03","Sat","Dog Friendly Trail Race","True","38.4422506","Location:  Colorado","-105.2348795","395","True","02/18/2026 18:11:37","Race395_10/03/26","Rim to Rim Royal Gorge Races","recBKirSu7FAiq8mk","https://www.rimtorimroyalgorge.com/","True","True","Colorado",,,
,,,"Tyron Road
Michigan City, Indiana 46360
United States
","recRxFfheICfX7VvQ","https://nacanicross.fillout.com/t/i7gVYy8GSWus?id=recRxFfheICfX7VvQ","
","Event by:  ","United States","01/25/2026 22:30:07","10/03/26","2026-10-03","Sat","Dog Friendly Trail Race","True","41.703565749999996","Location:  Indiana","-86.91796526432117","403","True","02/18/2026 18:11:55","Race403_10/03/26","Tryon Farm 4mi/8mi/25k/50k & 2mi Fun Run/Walk","recRxFfheICfX7VvQ","https://raceroster.com/events/2026/110803/tryon-farm-4-miler8-miler25k50k-and-2-mile-fun-runwalk","True","True","Indiana","28800",,"28800"
"Gordonsville","17339 James Madison Highway","22942","17339 James Madison Highway
Gordonsville, Virginia 22942
United States
","rec53byV6G8C7WjSZ","https://nacanicross.fillout.com/t/i7gVYy8GSWus?id=rec53byV6G8C7WjSZ","
","Event by:  ","United States","04/07/2026 23:08:32","10/03/26","2026-10-03","Sat","Canicross Race","True","38.1243091","Location:  Virginia","-78.1858258","504","True","04/07/2026 23:08:42","Race504_10/03/26","The Rehab Rover Canicross and Trail Race","rec53byV6G8C7WjSZ","https://runsignup.com/Race/VA/Gordonsville/TheRehabRoverCanicrossandTrailRace","True",,"Virginia",,"15:00","27000"
"Benton Harbor","2400 Dewey Avenue","49022","2400 Dewey Avenue
Benton Harbor, Michigan 49022
United States
","recCnjoNiOKlw4JAq","https://nacanicross.fillout.com/t/i7gVYy8GSWus?id=recCnjoNiOKlw4JAq","
","Event by:  ","United States","07/11/2026 16:38:07","10/03/26","2026-10-03","Sat","Canine OCR","True","42.1167065","Location:  Michigan","-86.4541894","615","True","07/11/2026 16:38:13","Race615_10/03/26","Midwest Canine Obstacle Run","recCnjoNiOKlw4JAq","https://runsignup.com/Race/MI/BentonHarbor/MidwestCanineObstacleRun?fbclid=IwY2xjawS_UGxleHRuA2FlbQIxMQBzcnRjBmFwcF9pZBAyMjIwMzkxNzg4MjAwODkyAAEeeNSlvQivfce7p086Vdz4TMkyztxXza1ygZTEw-TXTYgjAPPdPu_pROKTcLo_aem_cZdcxF4iZeVzmYs0lXUGAw","True",,"Michigan",,,
"Gordonsville","17339 James Madison Highway","22942","17339 James Madison Highway
Gordonsville, Virginia 22942
United States
","rec1zTrPa7jua4VIo","https://nacanicross.fillout.com/t/i7gVYy8GSWus?id=rec1zTrPa7jua4VIo","
","Event by:  ","United States","07/11/2026 16:40:25","10/03/26","2026-10-03","Sat","Canicross Race","True","38.1243091","Location:  Virginia","-78.1858258","616","True","07/11/2026 16:40:29","Race616_10/03/26","Rehab Rover Canicross and Trail Race","rec1zTrPa7jua4VIo","https://runsignup.com/Race/VA/Gordonsville/TheRehabRoverCanicrossandTrailRace?fbclid=IwY2xjawS_UNtleHRuA2FlbQIxMABicmlkETJOMTBVZ0doVDdHb09IYXNPc3J0YwZhcHBfaWQQMjIyMDM5MTc4ODIwMDg5MgABHo6JZAdyn0-7LdQo2StW4nKRX7rCz2gT0OUZUjjLskJXB3cyArG98tEvG0pu_aem_6D2zOB1XRCU7WdnMwPLMEw","True",,"Virginia",,,
"Bagley","BAGLEY CITY PARK","56621","BAGLEY CITY PARK
Bagley, Minnesota 56621
United States
","recsvyO5cbKa20VjU","https://nacanicross.fillout.com/t/i7gVYy8GSWus?id=recsvyO5cbKa20VjU","
","Event by:  ","United States","08/17/2026 20:55:13","10/03/26","2026-10-03","Sat","Canicross Race","True","47.5273865","Location:  Minnesota","-95.4006983","659","True","08/17/2026 20:55:18","Race659_10/03/26","Tails on the Trail 5k and Canicross","recsvyO5cbKa20VjU","https://www.petcentralbagley.com/events?fbclid=IwY2xjawTwR-1wZG9mBWV4dG4DYWVtAjExAHNydGMGYXBwX2lkEDIyMjAzOTE3ODgyMDA4OTIAAR6LeWXItKB1SZpSutHq1JdYWqW3jsCDrHUrFcgbsgtzZiJlMtZzoQSdcZ6ILQ_aem__Doh0LYnjmXPwegVpEXulA","True",,"Minnesota",,,
"Highlandville","5055 2 Rivers Road","65669","5055 2 Rivers Road
Highlandville, Missouri 65669
United States
","rec4vKXQYogMvmKYc","https://nacanicross.fillout.com/t/i7gVYy8GSWus?id=rec4vKXQYogMvmKYc","
","Event by:  ","United States","07/28/2026 19:16:52","10/04/26","2026-10-04","Sun","Dog Friendly Trail Race","True","36.9328335","Location:  Missouri","-93.2804626","636","True","07/28/2026 19:16:58","Race636_10/04/26","Trailfest Fleet Feet Springfield","rec4vKXQYogMvmKYc","https://runsignup.com/Race/MO/Highlandville/FleetFeetTrailfest?fbclid=IwY2xjawTV2rZleHRuA2FlbQIxMQBzcnRjBmFwcF9pZBAyMjIwMzkxNzg4MjAwODkyAAEeLVFQ6e_2T2Ue3FF4R147vIPq1ojtDEY-Lt_yFEt-iWSHzZXMZoleMF4wslE_aem_Y8GJeVOkVT-r9dPrbAXW3w","True",,"Missouri",,,
"Vandalia","15122 Monkey Run St","49095","15122 Monkey Run St
Vandalia, Michigan 49095
United States
","rectliHD5W9TKHQLK","https://nacanicross.fillout.com/t/i7gVYy8GSWus?id=rectliHD5W9TKHQLK","
","Event by:  ","United States","05/24/2026 03:13:02","10/10/26","2026-10-10","Sat","Dog Friendly Trail Race","True","41.9169911","Location:  Michigan","-85.9147253","565","True","05/24/2026 03:13:08","Race565_10/10/26","Sandhill Crane All Trail Half Marathon/10K/5K","rectliHD5W9TKHQLK","https://runsignup.com/Race/MI/Vandalia/SandhillCraneAllTrailHalfMarathon10K5K","True",,"Michigan",,,"32400"
"Blue Ridge","8436 Aska Rd","30513","8436 Aska Rd
Blue Ridge, Georgia 30513
United States
","recJoSMjTzZFkMFTP","https://nacanicross.fillout.com/t/i7gVYy8GSWus?id=recJoSMjTzZFkMFTP","
","Event by:  ","United States","05/31/2026 15:13:19","10/10/26","2026-10-10","Sat","Dog Friendly Trail Race","True","34.7836169","Location:  Georgia","-84.2589661","581","True","05/31/2026 15:13:24","Race581_10/10/26","Blue Ridge Ultra - 15k Canine","recJoSMjTzZFkMFTP","https://ultrasignup.com/register.aspx?did=132814","True",,"Georgia",,,
"Dallas","1505 Willow Springs Rd","30132","1505 Willow Springs Rd
Dallas, Georgia 30132
United States
","recAKJ31jrB4v4rln","https://nacanicross.fillout.com/t/i7gVYy8GSWus?id=recAKJ31jrB4v4rln","
","Event by:  ","United States","07/30/2026 15:54:06","10/10/26","2026-10-10","Sat","Dog Friendly Trail Race","True","33.9237141","Location:  Georgia","-84.8407732","641","True","07/30/2026 15:54:14","Race641_10/10/26","Vineyard Vino 5K","recAKJ31jrB4v4rln","https://raceroster.com/events/2026/119185/family-alliance-of-paulding-5k-vineyard-vino-run","True",,"Georgia",,,"34200"
"Dallas","1505 Willow Springs Rd","30132","1505 Willow Springs Rd
Dallas, Georgia 30132
United States
","recrftvw7sviKf718","https://nacanicross.fillout.com/t/i7gVYy8GSWus?id=recrftvw7sviKf718","
","Event by:  ","United States","08/17/2026 20:39:56","10/10/26","2026-10-10","Sat","Dog Friendly Trail Race","True","33.9237141","Location:  Georgia","-84.8407732","655","True","08/17/2026 20:40:19","Race655_10/10/26","Family Alliance of Paulding/Drug Free Paulding  5K Vineyard Vino Run","recrftvw7sviKf718","https://raceroster.com/events/2026/119185/family-alliance-of-paulding-5k-vineyard-vino-run?utm_id=97757_v0_s00_e0_tv2_a1demo0h8f5b3r&fbclid=IwY2xjawTwSGNwZG9mBWV4dG4DYWVtAjExAHNydGMGYXBwX2lkEDIyMjAzOTE3ODgyMDA4OTIAAR4VX1d1euAMdFy74S_OOxP43WT8TDBjJP0tXSKNxeSacnLkmMsAtXHsJckotQ_aem_c0U1ndNCq9PR12Yh-3SP_A","True",,"Georgia",,,
"Swansboro","1572 Hammocks Beach Rd","28584","1572 Hammocks Beach Rd
Swansboro, North Carolina 28584
United States
","recXCxSMCu4BfEJ7L","https://nacanicross.fillout.com/t/i7gVYy8GSWus?id=recXCxSMCu4BfEJ7L","
","Event by:  ","United States","09/01/2026 11:27:46","10/10/26","2026-10-10","Sat","Dog Friendly Trail Race","True","34.670439","Location:  North Carolina","-77.1430219","670","True","09/01/2026 11:28:02","Race670_10/10/26","The Mutt Strut","recXCxSMCu4BfEJ7L","https://runsignup.com/Race/NC/Swansboro/TheMuttStrut","True",,"North Carolina",,,"32400"
"Negaunee","42 M-35","49866","42 M-35
Negaunee, Michigan 49866
United States
","recln8B44NpYTq5HK","https://nacanicross.fillout.com/t/i7gVYy8GSWus?id=recln8B44NpYTq5HK","
","Event by:  ","United States","09/10/2026 19:48:38","10/10/26","2026-10-10","Sat","Canicross Race","True","46.5259655","Location:  Michigan","-87.541555","681","True","09/10/2026 19:48:46","Race681_10/10/26","UP200 Dryland Dash","recln8B44NpYTq5HK","https://up200.org/dryland-dash?fbclid=IwY2xjawUP6F1wZG9mAWV4dG4DYWVtAjExAHNydGMGYXBwX2lkEDIyMjAzOTE3ODgyMDA4OTIAAR7odt3YhVZmhnrRG8xVBYl81vbdPjMohNDk8Zcz6bFQyP1eTfaJ0ExwMQ-iqg_aem_wVc6DPKNXtATy6vb6lcuSw","True",,"Michigan",,,
"Goochland","1920 Hidden Rock Lane","23063","1920 Hidden Rock Lane
Goochland, Virginia 23063
United States
","rec8uR0u4iu6tgjeV","https://nacanicross.fillout.com/t/i7gVYy8GSWus?id=rec8uR0u4iu6tgjeV","
","Event by:  ","United States","09/10/2026 19:50:37","10/10/26","2026-10-10","Sat","Dog Friendly Trail Race","True","37.7204342","Location:  Virginia","-77.8837984","683","True","09/10/2026 19:50:42","Race683_10/10/26","Adoption Day 5K","rec8uR0u4iu6tgjeV","https://runsignup.com/Race/VA/Goochland/AdoptionDay5K?fbclid=IwY2xjawUP6S5wZG9mAWV4dG4DYWVtAjExAHNydGMGYXBwX2lkEDIyMjAzOTE3ODgyMDA4OTIAAR5AkTekeDhT980HfFc2eT4QLvpRq3xP8dY1WtLF_T4cBPjuisqciuw3iferTw_aem_rJ4LTULOtF2kU-ehzaya8w","True",,"Virginia",,,
"Cle Elum","850 Camp Koinonia Ln","98922","850 Camp Koinonia Ln
Cle Elum, Washington 98922
United States
","recHd3KyjmhHDgatl","https://nacanicross.fillout.com/t/i7gVYy8GSWus?id=recHd3KyjmhHDgatl","
","Event by:  ","United States","09/10/2026 20:14:23","10/10/26","2026-10-10","Sat","Canicross Race","True","47.1952417","Location:  Washington","-120.940063","687","True","09/10/2026 20:14:28","Race687_10/10/26","PNW Dryland Championship","recHd3KyjmhHDgatl","https://www.nwsda.org/event-details/pnw-dryland-championship","True",,"Washington",,,
"Pocahontas","1435 John Howell Rd","38061","1435 John Howell Rd
Pocahontas, Tennessee 38061
United States
","reciKw2y0ruCVHOtq","https://nacanicross.fillout.com/t/i7gVYy8GSWus?id=reciKw2y0ruCVHOtq","
","Event by:  ","United States","03/29/2026 22:32:49","10/17/26","2026-10-17","Sat","Dog Friendly Trail Race","True","35.0525874","Location:  Tennessee","-88.8036667","494","True","03/29/2026 22:33:06","Race494_10/17/26","Walking Tall 50k/25k","reciKw2y0ruCVHOtq","https://www.walkingtall50k.com/","True",,"Tennessee",,,
"Gilford","719 Cherry Valley Road ","03249","719 Cherry Valley Road 
Gilford, New Hampshire 03249
United States
","recFM3KzmeDUKxkmV","https://nacanicross.fillout.com/t/i7gVYy8GSWus?id=recFM3KzmeDUKxkmV","
","Event by:  ","United States","04/24/2026 15:35:09","10/17/26","2026-10-17","Sat","Canicross Race","True","43.5410701","Location:  New Hampshire","-71.3628856","538","True","04/24/2026 15:35:12","Race538_10/17/26","Crown the Peak and Top Dog","recFM3KzmeDUKxkmV","https://estore.gunstock.com/run-the-mountain-canicross-single-race","True",,"New Hampshire",,,
"Fayetteville","995 McCloskey Rd","28311","995 McCloskey Rd
Fayetteville, North Carolina 28311
United States
","rec9JTefaXvBXjon3","https://nacanicross.fillout.com/t/i7gVYy8GSWus?id=rec9JTefaXvBXjon3","
","Event by:  ","United States","04/29/2026 15:02:25","10/17/26","2026-10-17","Sat","Dog Friendly Trail Race","True","35.1698252","Location:  North Carolina","-78.8943187","543","True","04/29/2026 15:02:31","Race543_10/17/26","Deerfly Trail Race","rec9JTefaXvBXjon3","https://runsignup.com/Race/NC/Fayetteville/FRCDeerflyTrailRace","True",,"North Carolina",,,"28800"
"Gilford","719 Cherry Valley Rd","03249","719 Cherry Valley Rd
Gilford, New Hampshire 03249
United States
","recB7D5Z5I9j8p5Q0","https://nacanicross.fillout.com/t/i7gVYy8GSWus?id=recB7D5Z5I9j8p5Q0","
","Event by:  ","United States","05/29/2026 00:57:20","10/17/26","2026-10-17","Sat","Canicross Race","True","43.5410701","Location:  New Hampshire","-71.3628856","577","True","05/29/2026 00:57:24","Race577_10/17/26","Crown the Peak and Top Dog","recB7D5Z5I9j8p5Q0","https://www.gunstock.com/summer/run-the-mountain/","True",,"New Hampshire",,,
"Waleska","1411 Garland Mountain Way","30183","1411 Garland Mountain Way
Waleska, Georgia 30183
United States
","rec6NJWZLK7qg79lQ","https://nacanicross.fillout.com/t/i7gVYy8GSWus?id=rec6NJWZLK7qg79lQ","
","Event by:  ","United States","05/31/2026 14:57:42","10/17/26","2026-10-17","Sat","Canicross Race","True","34.3659883","Location:  Georgia","-84.6207643","579","True","05/31/2026 14:57:50","Race579_10/17/26","Garland Mountain Trail Runs ","rec6NJWZLK7qg79lQ","https://mountaingoatadventures.com/garland","True",,"Georgia",,,
"Anniston","315 Rucker Street","36205","315 Rucker Street
Anniston, Alabama 36205
United States
","recsomn0HKnhsqaCg","https://nacanicross.fillout.com/t/i7gVYy8GSWus?id=recsomn0HKnhsqaCg","
","Event by:  ","United States","05/31/2026 15:02:08","10/17/26","2026-10-17","Sat","Canine OCR","True","33.6624824","Location:  Alabama","-85.8283224","580","True","05/31/2026 15:02:14","Race580_10/17/26","OneWorld Canine Obstacle Run REWIND - Fall 2026","recsomn0HKnhsqaCg","https://oneworldcaninefallobstaclerun.itsyourrace.com/event.aspx?id=15882","True",,"Alabama",,,
"Cannon Falls","7650 Echo Point Rd","55009","7650 Echo Point Rd
Cannon Falls, Minnesota 55009
United States
","recAiGmBSoiMKePjf","https://nacanicross.fillout.com/t/i7gVYy8GSWus?id=recAiGmBSoiMKePjf","
","Event by:  ","United States","06/13/2026 01:04:15","10/17/26","2026-10-17","Sat","Canicross Race","True","44.5068445","Location:  Minnesota","-92.9062175","589","True","06/13/2026 01:04:29","Race589_10/17/26","Twin Cities Dog Powered Sports Lake Byllesby Dryland Derby","recAiGmBSoiMKePjf","https://www.facebook.com/share/1EFskTm6j6/","True",,"Minnesota",,,
"Cannon Falls","7650 Echo Point Road","55009","7650 Echo Point Road
Cannon Falls, Minnesota 55009
United States
","rec0aVbBcMV2rLykl","https://nacanicross.fillout.com/t/i7gVYy8GSWus?id=rec0aVbBcMV2rLykl","
","Event by:  ","United States","07/01/2026 13:07:20","10/17/26","2026-10-17","Sat","Canicross Race","True","44.5068445","Location:  Minnesota","-92.9062175","597","True","07/01/2026 13:07:38","Race597_10/17/26","Byllesby Dryland Derby","rec0aVbBcMV2rLykl","tcdps.org","True",,"Minnesota",,,"28800"
"Waleska","1411 Garland Mountain Way ","30183","1411 Garland Mountain Way 
Waleska, Georgia 30183
United States
","recu8SHYnPhsnl6nb","https://nacanicross.fillout.com/t/i7gVYy8GSWus?id=recu8SHYnPhsnl6nb","
","Event by:  ","United States","07/11/2026 16:08:17","10/17/26","2026-10-17","Sat","Dog Friendly Trail Race","True","34.3659883","Location:  Georgia","-84.6207643","609","True","07/11/2026 16:08:22","Race609_10/17/26","Garland Mountain Trail Run","recu8SHYnPhsnl6nb","https://mountaingoatadventures.com/garland?fbclid=IwY2xjawS_SSNleHRuA2FlbQIxMQBzcnRjBmFwcF9pZBAyMjIwMzkxNzg4MjAwODkyAAEeNNhwx2k6qzGCD4-z2r_Sm4kaCIQ_tXA1mWHPMHY-YObUU9U0SHR-UUTQgyk_aem_llTBhEAEDgyVvY6WpbOesg","True",,"Georgia",,,
"Anderson","Saddlers Creek State Park","29626","Saddlers Creek State Park
Anderson, South Carolina 29626
United States
","recT7B9UGfcnDFbkd","https://nacanicross.fillout.com/t/i7gVYy8GSWus?id=recT7B9UGfcnDFbkd","
","Event by:  ","United States","07/11/2026 16:12:33","10/17/26","2026-10-17","Sat","Dog Friendly Trail Race","True","34.4138295","Location:  South Carolina","-82.8279964","610","True","07/11/2026 16:12:38","Race610_10/17/26","Saddlers Creek Stumble","recT7B9UGfcnDFbkd","https://runsignup.com/Race/SC/Anderson/SadlersCreekStumble?raceRefCode=4g59Oyf1&fbclid=IwY2xjawS_Sk5leHRuA2FlbQIxMQBzcnRjBmFwcF9pZBAyMjIwMzkxNzg4MjAwODkyAAEeVwiHRzlSUiYzsCIiUebI9DG86EGPCFjInxgqjxsagON69AnHHU6wCMO4s_k_aem_XG8jxWtqlDA-MXxtEdIdaQ","True",,"South Carolina",,,
"Anniston","315 Rucker Street","36205","315 Rucker Street
Anniston, Alabama 36205
United States
","recxzYcxF9jYwP1zG","https://nacanicross.fillout.com/t/i7gVYy8GSWus?id=recxzYcxF9jYwP1zG","
","Event by:  ","United States","07/11/2026 16:30:46","10/17/26","2026-10-17","Sat","Canine OCR","True","33.6624824","Location:  Alabama","-85.8283224","613","True","07/11/2026 16:30:52","Race613_10/17/26","OneWorld Canine Obstacle Run Rewind","recxzYcxF9jYwP1zG","https://oneworldcaninefallobstaclerun.itsyourrace.com/event.aspx?id=15882","True",,"Alabama",,,
"Floresville","John William Helton Nature Park 2785 CR 128","78114","John William Helton Nature Park 2785 CR 128
Floresville, Texas 78114
United States
","recc1AolhvUd44crS","https://nacanicross.fillout.com/t/i7gVYy8GSWus?id=recc1AolhvUd44crS","
","Event by:  ","United States","07/16/2026 16:03:33","10/17/26","2026-10-17","Sat","Canicross Race","True","29.1335781","Location:  Texas","-98.1561192","628","True","07/16/2026 16:03:39","Race628_10/17/26","Running Down a Dream","recc1AolhvUd44crS","https://www.athleteguild.com/event/floresville-tx/2026-runnin-down-the-dream/division?fbclid=IwY2xjawTF3GhleHRuA2FlbQIxMABicmlkETJlVXdmNHg0aFY5MlpKS1lRc3J0YwZhcHBfaWQQMjIyMDM5MTc4ODIwMDg5MgABHmBYcJ9aMLagB3X3mlFzO4s6XWTAD5shpkdFAsEvxKqM-ZQFUHWZ5q6zWCFr_aem_pSLXJ_XN6PQXVd-8h4-hfg","True",,"Texas",,,
"VIctor","Ganondagan State Historic Site 7000 Co Rd. 41","14564","Ganondagan State Historic Site 7000 Co Rd. 41
VIctor, New York 14564
United States
","recxmVZvkwkyLSI33","https://nacanicross.fillout.com/t/i7gVYy8GSWus?id=recxmVZvkwkyLSI33","
","Event by:  ","United States","08/04/2026 01:16:12","10/17/26","2026-10-17","Sat","Canicross Race","True","42.9825634","Location:  New York","-77.4088794","649","True","08/04/2026 01:16:29","Race649_10/17/26","Ganondagan Canicross and Dog-Friendly 5K Trail Race","recxmVZvkwkyLSI33","https://runsignup.com/Race/NY/Victor/GanondaganCanicrossAndDogFriendly5KTrailRace","True",,"New York",,,"30600"
"Cannon Falls","7650 Echo Point Road","55009","7650 Echo Point Road
Cannon Falls, Minnesota 55009
United States
","recCxMSWWZthwbvzH","https://nacanicross.fillout.com/t/i7gVYy8GSWus?id=recCxMSWWZthwbvzH","
","Event by:  ","United States","09/10/2026 20:17:00","10/17/26","2026-10-17","Sat","Canicross Race","True","44.5068445","Location:  Minnesota","-92.9062175","688","True","09/10/2026 20:17:06","Race688_10/17/26","2026 Byllesby Dryland Derby & Weight Pull","recCxMSWWZthwbvzH","https://tcdps.org/2026-byllesby-dryland-derby-weight-pull/","True",,"Minnesota",,,
"Granby,","1101 Co Rd 53","80446","1101 Co Rd 53
Granby,, Colorado 80446
United States
","rec3xXrRrXXXiYXwO","https://nacanicross.fillout.com/t/i7gVYy8GSWus?id=rec3xXrRrXXXiYXwO","
","Event by:  ","United States","09/10/2026 20:22:07","10/17/26","2026-10-17","Sat","Canicross Race","True","40.0860969","Location:  Colorado","-105.939459","689","True","09/10/2026 20:22:13","Race689_10/17/26","Snow Mountain Dryland Classic 2026","rec3xXrRrXXXiYXwO","https://www.webscorer.com/registerseries?seriesid=446062","True",,"Colorado",,,
"Hardin","542 Kenlake Road","42408","542 Kenlake Road
Hardin, Kentucky 42408
United States
","recBTSJbPYnbNjKH5","https://nacanicross.fillout.com/t/i7gVYy8GSWus?id=recBTSJbPYnbNjKH5","
","Event by:  ","United States","06/08/2026 19:40:59","10/18/26","2026-10-18","Sun","Dog Friendly Trail Race","True","36.7647773","Location:  Kentucky","-88.2953134","587","True","06/08/2026 19:41:07","Race587_10/18/26","LBL Bridge to Bridge Trail Run","recBTSJbPYnbNjKH5","https://runsignup.com/Race/KY/Hardin/LBLBridgetoBridgeTrailRun","True",,"Kentucky",,,
"College Corner","H6RM+88 College Corner, Ohio","45003","H6RM+88 College Corner, Ohio
College Corner, Ohio 45003
United States
","recAAzu6AqUBUhQbf","https://nacanicross.fillout.com/t/i7gVYy8GSWus?id=recAAzu6AqUBUhQbf","
","Event by:  ","United States","08/25/2026 23:47:19","10/24/26","2026-10-24","Sat","Dog Friendly Trail Race","True","39.5675514","Location:  Ohio","-84.8144004","665","True","08/25/2026 23:47:36","Race665_10/24/26","Mad Maple Trail Races @ Hueston Woods (Saturday)","recAAzu6AqUBUhQbf","https://runsignup.com/Race/Events/OH/CollegeCorner/TheMadMaple50KHuestonWoods","True",,"Ohio",,,
"West Greenwich","179 Plain Meeting House Rd","02817","179 Plain Meeting House Rd
West Greenwich, Rhode Island 02817
United States
","recOPFW30bwCTyxSI","https://nacanicross.fillout.com/t/i7gVYy8GSWus?id=recOPFW30bwCTyxSI","
","Event by:  ","United States","09/10/2026 19:46:08","10/24/26","2026-10-24","Sat","Canine OCR","True","41.645762","Location:  Rhode Island","-71.706816","680","True","09/10/2026 19:46:12","Race680_10/24/26","BoldrDash DoggieDash - Supporting NEADS Service Dog Training","recOPFW30bwCTyxSI","https://runsignup.com/Race/RI/WestGreenwich/BoldrDashDoggieDash?fbclid=IwY2xjawUP6BpwZG9mAWV4dG4DYWVtAjExAHNydGMGYXBwX2lkEDIyMjAzOTE3ODgyMDA4OTIAAR7wyIFT0ga7ZT9B4L3eI5Ur2vSAdf4h3ecdFuAl2ZzjrZRjt7PCzeDgwJDXNA_aem_nU5BxYzJfd8S6TLK5arJLw","True",,"Rhode Island",,,
"College Corner","Hueston Woods Mountain Bike Trailhead","45003","Hueston Woods Mountain Bike Trailhead
College Corner, Ohio 45003
United States
","recUEVcyfMf7Xd7Lp","https://nacanicross.fillout.com/t/i7gVYy8GSWus?id=recUEVcyfMf7Xd7Lp","
","Event by:  ","United States","09/10/2026 19:51:46","10/24/26","2026-10-24","Sat","Dog Friendly Trail Race","True","39.5675514","Location:  Ohio","-84.8144004","684","True","09/10/2026 19:51:51","Race684_10/24/26","Mad Maple Trail Races @ Hueston Woods","recUEVcyfMf7Xd7Lp","https://runsignup.com/Race/OH/CollegeCorner/TheMadMaple50KHuestonWoods?fbclid=IwY2xjawUP6WZwZG9mAWV4dG4DYWVtAjExAHNydGMGYXBwX2lkEDIyMjAzOTE3ODgyMDA4OTIAAR7pXh9-2nQkThy1-s0tN24dfvE0ngr4aHPX9HjCjG11wTSl7JibL4dA6xa6Wg_aem_bd5JlUUrVNFmYNVvyYUY3w","True",,"Ohio",,,
"Nashville","1099 Shadow Lane","37206","1099 Shadow Lane
Nashville, Tennessee 37206
United States
","recss2JEbDHvcHkFb","https://nacanicross.fillout.com/t/i7gVYy8GSWus?id=recss2JEbDHvcHkFb","
","Event by:  ","United States","07/28/2026 19:09:33","10/25/26","2026-10-25","Sun","Dog Friendly Trail Race","True","36.1878957","Location:  Tennessee","-86.7055832","634","True","07/28/2026 19:09:38","Race634_10/25/26","Nashville Running Company's Shelby 6 miler","recss2JEbDHvcHkFb","https://ultrasignup.com/register.aspx?did=141458&fbclid=IwY2xjawTV2pdleHRuA2FlbQIxMQBzcnRjBmFwcF9pZBAyMjIwMzkxNzg4MjAwODkyAAEe5g2eFoPmz8sfl-4gB4rbXk-GhO5tXuZ8k1nuYQvhk51o-WFKxZO3zLpZF9g_aem_2xZG-HY8DdHQvkdSE4N6ow","True",,"Tennessee",,,
"College Corner","H6RM+88 College Corner, Ohio","45003","H6RM+88 College Corner, Ohio
College Corner, Ohio 45003
United States
","recVupN2srj62luCS","https://nacanicross.fillout.com/t/i7gVYy8GSWus?id=recVupN2srj62luCS","
","Event by:  ","United States","08/25/2026 23:48:46","10/25/26","2026-10-25","Sun","Dog Friendly Trail Race","True","39.5675514","Location:  Ohio","-84.8144004","666","True","08/25/2026 23:48:51","Race666_10/25/26","Mad Maple Trail Races @ Hueston Woods (Sunday)","recVupN2srj62luCS","https://runsignup.com/Race/OH/CollegeCorner/TheMadMaple50KHuestonWoods","True",,"Ohio",,,
"Bethpage","420 Paul Thompson Rd","37022","420 Paul Thompson Rd
Bethpage, Tennessee 37022
United States
","reczrL6SB6CIKZeaf","https://nacanicross.fillout.com/t/i7gVYy8GSWus?id=reczrL6SB6CIKZeaf","
","Event by:  ","United States","08/01/2026 01:42:27","10/31/26","2026-10-31","Sat","Canine OCR","True","36.4817111","Location:  Tennessee","-86.3119346","645","True","08/01/2026 01:42:38","Race645_10/31/26","Adventure Canine Challenge","reczrL6SB6CIKZeaf","www.goadventurecanine.com","True",,"Tennessee",,,
"Cumberland ","1464 Diamond Hill Rd, Cumberland, RI 02864","02864","1464 Diamond Hill Rd, Cumberland, RI 02864
Cumberland , Rhode Island 02864
United States
","rec6HsBbZFWJXaqlB","https://nacanicross.fillout.com/t/i7gVYy8GSWus?id=rec6HsBbZFWJXaqlB","
","Event by:  ","United States","07/01/2026 13:57:19","11/01/26","2026-11-01","Sun","Dog Friendly Trail Race","True","41.9667656","Location:  Rhode Island","-71.4328363","598","True","07/01/2026 13:57:29","Race598_11/01/26","F.I.T Frills- Halloween Trail Race","rec6HsBbZFWJXaqlB","https://runsignup.com/Race/RI/Cumberland/FITTrailFecta","True",,"Rhode Island",,,"28800"
"brookfield","28 obtuse hill road","06804","28 obtuse hill road
brookfield, Connecticut 06804
United States
","reczbfja3gnXRXjhl","https://nacanicross.fillout.com/t/i7gVYy8GSWus?id=reczbfja3gnXRXjhl","
","Event by:  ","United States","07/29/2026 04:15:12","11/01/26","2026-11-01","Sun","Canicross Race","True","41.468736","Location:  Connecticut","-73.380853","639","True","07/29/2026 04:15:26","Race639_11/01/26","8 Hours at the Farm","reczbfja3gnXRXjhl","https://ultrasignup.com/register.aspx?did=134017","True",,"Connecticut",,,"27000"
"Augusta","5163 Fort Custer Drive","49012","5163 Fort Custer Drive
Augusta, Michigan 49012
United States
","reci6FdQb7Jo8sQHv","https://nacanicross.fillout.com/t/i7gVYy8GSWus?id=reci6FdQb7Jo8sQHv","
","Event by:  ","United States","07/11/2026 16:02:33","11/07/26","2026-11-07","Sat","Canicross Race","True","42.3364294","Location:  Michigan","-85.3522219","608","True","07/11/2026 16:02:53","Race608_11/07/26","Fort Cluster Fall Dryland","reci6FdQb7Jo8sQHv","https://runsignup.com/Race/MI/Augusta/fortcusterdrylandentry?fbclid=IwY2xjawS_SAJleHRuA2FlbQIxMABicmlkETJOMTBVZ0doVDdHb09IYXNPc3J0YwZhcHBfaWQQMjIyMDM5MTc4ODIwMDg5MgABHrL19NOaDsLjY8OFl5jl4b3DeNbPSdOu5zcSaRJB_btVWyZ_Y6CUrJtWvSif_aem_TShptiD8t1nAvBp9Oyi33A","True",,"Michigan",,,
"Dundas","Christie Lake Conservation Area"," L9H 5E1","Christie Lake Conservation Area
Dundas, Ontario  L9H 5E1
Canada
","recTkFrgxmWz9Pa7x","https://nacanicross.fillout.com/t/i7gVYy8GSWus?id=recTkFrgxmWz9Pa7x","
","Event by:  ","Canada","07/15/2026 14:43:17","11/07/26","2026-11-07","Sat","Canicross Race",,,"Location:  Ontario",,"622","True","07/15/2026 14:43:34","Race622_11/07/26","Murphy’s Mission Run for Hamilton Animal Services","recTkFrgxmWz9Pa7x","https://raceroster.com/events/2026/115363/murphys-mission/page/race-and-registration-policy?utm_id=97757_v0_s00_e0_tv2_a1demo0h8f5b3r&fbclid=IwY2xjawTEex1leHRuA2FlbQIxMQBzcnRjBmFwcF9pZBAyMjIwMzkxNzg4MjAwODkyAAEeXsrtv54TXqoHyuqTNq8F5qeo61mHO-aYcBUBB-ZfIJ33agHiVSUdrYvgMsc_aem_ESUp0G8gJ2c638T-VBQGAA","True",,"Ontario",,,
"Augusta","5163 Fort Custer Drive","49012","5163 Fort Custer Drive
Augusta, Michigan 49012
United States
","recHr34C8pYiYTggM","https://nacanicross.fillout.com/t/i7gVYy8GSWus?id=recHr34C8pYiYTggM","
","Event by:  ","United States","07/15/2026 14:45:30","11/07/26","2026-11-07","Sat","Canicross Race","True","42.3364294","Location:  Michigan","-85.3522219","623","True","07/15/2026 14:45:36","Race623_11/07/26","MUSH Fort Custer Dryland","recHr34C8pYiYTggM","https://runsignup.com/Race/MI/Augusta/fortcusterdrylandentry?fbclid=IwY2xjawTEfBdleHRuA2FlbQIxMABicmlkETFyZmx0TVFiNkVoUzJ3bkNIc3J0YwZhcHBfaWQQMjIyMDM5MTc4ODIwMDg5MgABHu0tdNvVRrN_1lgfA38uU5tJRkVsCf_BPLTUglh1N16soj7CAbRYEebLWLYW_aem_8iHSwYNlfFXWD8_mhmX_vQ","True",,"Michigan",,,
"Dundas","Christie Lake Conservation area 1000 ON-5","L9H 5E1","Christie Lake Conservation area 1000 ON-5
Dundas, ON L9H 5E1
Canada
","recax2eU5IrO4p3QR","https://nacanicross.fillout.com/t/i7gVYy8GSWus?id=recax2eU5IrO4p3QR","
","Event by:  ","Canada","07/16/2026 15:57:39","11/07/26","2026-11-07","Sat","Canicross Race",,,"Location:  ON",,"626","True","07/16/2026 15:57:54","Race626_11/07/26","Steeltown Canicross","recax2eU5IrO4p3QR","https://raceroster.com/events/2026/115363/murphys-mission/page/race-and-registration-policy?fbclid=IwdGRzaATE6pJjbGNrBMTqi2V4dG4DYWVtAjExAHNydGMGYXBwX2lkDDM1MDY4NTUzMTcyOAABHgEF8PygtffUmsUY71nbBpQdYRsTJy6txA5iCRzW018fVY80JeyT6LUE6b8w_aem_NqnaB8NqNoeRzKFdkZxNVw&utm_id=97757_v0_s00_e0_tv2_a1demo0h8f5b3r","True",,"ON",,,
"Conyers","1996 Centennial Olympic Pkwy NE","30013","1996 Centennial Olympic Pkwy NE
Conyers, Georgia 30013
United States
","recmT97c8StUGMYC9","https://nacanicross.fillout.com/t/i7gVYy8GSWus?id=recmT97c8StUGMYC9","
","Event by:  ","United States","07/15/2026 14:51:56","11/08/26","2026-11-08","Sun","Canicross Race","True","33.6676103","Location:  Georgia","-84.0176904","624","True","07/15/2026 14:52:02","Race624_11/08/26","Steeplechase Stampede","recmT97c8StUGMYC9","https://nacanicross.com/steeplechase-stampede-26-1","True",,"Georgia",,,
,,,"19300 Ritter Parkway Trail
Lakeville, Minnesota 55044
United States
","recVi4ShZKd5lFr2O","https://nacanicross.fillout.com/t/i7gVYy8GSWus?id=recVi4ShZKd5lFr2O","
","Event by:  ","United States","12/13/2025 22:51:25","11/14/26","2026-11-14","Sat","Canicross Race","True","44.673069850000005","Location:  Minnesota","-93.30000840978047","396","True","02/18/2026 18:11:59","Race396_11/14/26","Run the Ritter 2026","recVi4ShZKd5lFr2O","https://runtheritter.com/","True","True","Minnesota","28800",,"28800"
"Hebron","East 142nd Ave.","46341","East 142nd Ave.
Hebron, Indiana 46341
United States
","rec0x3dMwmDaknByn","https://nacanicross.fillout.com/t/i7gVYy8GSWus?id=rec0x3dMwmDaknByn","
","Event by:  ","United States","05/24/2026 15:43:46","11/14/26","2026-11-14","Sat","Dog Friendly Trail Race","True","41.3186482","Location:  Indiana","-87.2003091","567","True","05/24/2026 15:43:51","Race567_11/14/26","Bigfoot Half Trail Run","rec0x3dMwmDaknByn","https://raceroster.com/events/2026/112627/bigfoot-half-trail-run","True",,"Indiana",,,"28800"
"Palatine","Deer Grove-East Picnic Grove #4","60074","Deer Grove-East Picnic Grove #4
Palatine, Illinois 60074
United States
","reccJd1L7BlHP7oBs","https://nacanicross.fillout.com/t/i7gVYy8GSWus?id=reccJd1L7BlHP7oBs","
","Event by:  ","United States","07/11/2026 16:34:14","11/14/26","2026-11-14","Sat","Canicross Race","True","42.1105502","Location:  Illinois","-88.0434304","614","True","07/11/2026 16:34:20","Race614_11/14/26","Nikki Cozzi-Carso Scholarship Annual 5K Presented by Chicago Canicross Club","reccJd1L7BlHP7oBs","https://www.raceentry.com/nikki-cozzi-carso-scholarship-annual-5k-presented-by-chicago-canicross-club/race-information?fbclid=IwY2xjawS_T0tleHRuA2FlbQIxMABicmlkETJOMTBVZ0doVDdHb09IYXNPc3J0YwZhcHBfaWQQMjIyMDM5MTc4ODIwMDg5MgABHgbSVT0tyBE3mpNrXPD91A8zFXTjQG8yQSj35ChsjV85cofU42x-ItXV2pFs_aem_r3RsfVl3SL2aVKepIS9f6A&brid=YWdncwFWVpenPIR9ciCj9Geml4uP","True",,"Illinois",,,
"Orange City","Blue Spring State Park","32763","Blue Spring State Park
Orange City, Florida 32763
United States
","rechvkBSZclYwKXkK","https://nacanicross.fillout.com/t/i7gVYy8GSWus?id=rechvkBSZclYwKXkK","
","Event by:  ","United States","08/17/2026 20:50:49","11/15/26","2026-11-15","Sun","Dog Friendly Trail Race","True","28.9488761","Location:  Florida","-81.2986741","658","True","08/17/2026 20:50:56","Race658_11/15/26","Save the Manatees 5k","rechvkBSZclYwKXkK","https://runsignup.com/Race/FL/OrangeCity/SaveTheManateeK?fbclid=IwY2xjawTwR_pwZG9mBWV4dG4DYWVtAjExAHNydGMGYXBwX2lkEDIyMjAzOTE3ODgyMDA4OTIAAR6kilTHA3tKQ4iIHzhZItDAZhF0zNbBdWEJv7gmBCGzy94i1Dp-_RBrwKZrnw_aem_G-cTeLm7F3T4NoUwkPlNCg","True",,"Florida",,,
"cook","Dog Mountain Trail","98605","Dog Mountain Trail
cook, Washington 98605
United States
","recVZ8jeweXVdqfnm","https://nacanicross.fillout.com/t/i7gVYy8GSWus?id=recVZ8jeweXVdqfnm","
","Event by:  ","United States","02/26/2026 18:33:46","11/22/26","2026-11-22","Sun","Dog Friendly Trail Race","True","45.7342117","Location:  Washington","-121.5167437","463","True","02/26/2026 18:33:53","Race463_11/22/26","The Ruff 7 mi","recVZ8jeweXVdqfnm","https://elevatedtrailracing.com/the-ruff-2/","True","True","Washington",,,
"Dowagiac","57186 Dailey Rd.","49047","57186 Dailey Rd.
Dowagiac, Michigan 49047
United States
","recDT4APet3LlvcAd","https://nacanicross.fillout.com/t/i7gVYy8GSWus?id=recDT4APet3LlvcAd","
","Event by:  ","United States","05/24/2026 03:10:55","11/22/26","2026-11-22","Sun","Dog Friendly Trail Race","True","41.965697","Location:  Michigan","-86.087914","564","True","05/24/2026 03:11:03","Race564_11/22/26","Dowagiac All Trail Turkey Trot","recDT4APet3LlvcAd","https://runsignup.com/Race/MI/Dowagiac/DowagiacTurkeyTrot","True",,"Michigan",,,"46800"
"Faust",,,"
Faust, Utah 
United States
","recPa61bwb6PGrkUg","https://nacanicross.fillout.com/t/i7gVYy8GSWus?id=recPa61bwb6PGrkUg","
","Event by:  ","United States","02/24/2026 22:24:08","11/26/26","2026-11-26","Thu","Dog Friendly Trail Race","True","40.114027","Location:  Utah","-112.554867","454","True","02/24/2026 22:24:12","Race454_11/26/26","Pony Express Trail Run 50 mi and 100 mi","recPa61bwb6PGrkUg","https://ultrasignup.com/register.aspx?did=132519","True","True","Utah",,,
"Cumberland","1464 Diamond Hill Rd, Cumberland, RI 02864","02864","1464 Diamond Hill Rd, Cumberland, RI 02864
Cumberland, Rhode Island 02864
United States
","recWAjR2TEHoRNOaN","https://nacanicross.fillout.com/t/i7gVYy8GSWus?id=recWAjR2TEHoRNOaN","
","Event by:  ","United States","07/01/2026 13:58:57","11/28/26","2026-11-28","Sat","Dog Friendly Trail Race","True","41.9667656","Location:  Rhode Island","-71.4328363","599","True","07/01/2026 13:59:03","Race599_11/28/26","F.I.T Turkey Trot","recWAjR2TEHoRNOaN","https://runsignup.com/Race/RI/Cumberland/FITTrailFecta","True",,"Rhode Island",,,"28800"
"Holly Springs","2401 Grigsby Ave","27540","2401 Grigsby Ave
Holly Springs, North Carolina 27540
United States
","recxhX0qCijgFo0sK","https://nacanicross.fillout.com/t/i7gVYy8GSWus?id=recxhX0qCijgFo0sK","
","Event by:  ","United States","07/11/2026 16:20:14","12/05/26","2026-12-05","Sat","Canicross Race","True","35.6393051","Location:  North Carolina","-78.814941","612","True","07/11/2026 16:20:19","Race612_12/05/26","Mushing Mutts Canicross race","recxhX0qCijgFo0sK","https://runsignup.com/Race/NC/HollySprings/MushingMuttsCanicrossDogFriendly5k","True",,"North Carolina",,,
"Cumberland ","1464 Diamond Hill Rd, Cumberland, RI 02864","02864","1464 Diamond Hill Rd, Cumberland, RI 02864
Cumberland , Rhode Island 02864
United States
","recAf8CbYa04kLcZi","https://nacanicross.fillout.com/t/i7gVYy8GSWus?id=recAf8CbYa04kLcZi","
","Event by:  ","United States","07/01/2026 14:00:14","12/12/26","2026-12-12","Sat","Dog Friendly Trail Race","True","41.9667656","Location:  Rhode Island","-71.4328363","600","True","07/01/2026 14:00:18","Race600_12/12/26","F.I.T.mas Holiday Trail Race","recAf8CbYa04kLcZi","https://runsignup.com/Race/RI/Cumberland/FITTrailFecta","True",,"Rhode Island",,,"25200"
"Memphis","S Walnut Bend Rd","38120","S Walnut Bend Rd
Memphis, Tennessee 38120
United States
","rec2DZ990vI7B3tpa","https://nacanicross.fillout.com/t/i7gVYy8GSWus?id=rec2DZ990vI7B3tpa","
","Event by:  ","United States","08/13/2026 22:48:56","12/12/26","2026-12-12","Sat","Canicross Race","True","35.121611","Location:  Tennessee","-89.7998028","651","True","08/13/2026 22:49:14","Race651_12/12/26","Cobra Den Winter Series Forest 7 Miler","rec2DZ990vI7B3tpa","https://ultrasignup.com/register.aspx?did=142451","True",,"Tennessee",,,"28800"
"Memphis","S Walnut Bend Rd","38120","S Walnut Bend Rd
Memphis, Tennessee 38120
United States
","rec1ciR0fPkuLLkXn","https://nacanicross.fillout.com/t/i7gVYy8GSWus?id=rec1ciR0fPkuLLkXn","
","Event by:  ","United States","08/13/2026 22:50:32","01/23/27","2027-01-23","Sat","Canicross Race","True","35.121611","Location:  Tennessee","-89.7998028","652","True","08/13/2026 22:50:38","Race652_01/23/27","Cobra Den Winter Series Monocled 5 Miler","rec1ciR0fPkuLLkXn","https://ultrasignup.com/register.aspx?did=142451","True",,"Tennessee",,,"28800"
"Suwanee","5790 Chattahoochie Pointe Dr","30024","5790 Chattahoochie Pointe Dr
Suwanee, Georgia 30024
United States
","recTRe33vrh9eSklI","https://nacanicross.fillout.com/t/i7gVYy8GSWus?id=recTRe33vrh9eSklI","
","Event by:  ","United States","08/17/2026 20:42:17","02/07/27","2027-02-07","Sun","Canicross Race","True","34.0514898","Location:  Georgia","-84.0712997","656","True","08/17/2026 20:42:24","Race656_02/07/27","Canicross Quickie 5k","recTRe33vrh9eSklI","nacanicross.com","True",,"Georgia",,,
"Brighton","6301 Kensington Rd","48116","6301 Kensington Rd
Brighton, Michigan 48116
United States
","recDxD6nZVDZKBDkT","https://nacanicross.fillout.com/t/i7gVYy8GSWus?id=recDxD6nZVDZKBDkT","
","Event by:  ","United States","06/17/2026 16:17:37","02/13/27","2027-02-13","Sat","Dog Friendly Trail Race","True","42.5521355","Location:  Michigan","-83.693065","591","True","06/17/2026 16:17:54","Race591_02/13/27","Winter Trail Fest Half Marathon and 5 Mile - Eastside","recDxD6nZVDZKBDkT","https://runsignup.com/Race/MI/Brighton/WinterTrailFestEastside","True",,"Michigan",,,
"Memphis","S Walnut Bend Rd","38120","S Walnut Bend Rd
Memphis, Tennessee 38120
United States
","reczEHPWGOgsa3avi","https://nacanicross.fillout.com/t/i7gVYy8GSWus?id=reczEHPWGOgsa3avi","
","Event by:  ","United States","08/13/2026 22:51:36","02/13/27","2027-02-13","Sat","Canicross Race","True","35.121611","Location:  Tennessee","-89.7998028","653","True","08/13/2026 22:51:41","Race653_02/13/27","Cobra Den Winter Series","reczEHPWGOgsa3avi","https://ultrasignup.com/register.aspx?did=142451","True",,"Tennessee",,,"28800"
"Memphis","S Walnut Bend Rd","38120","S Walnut Bend Rd
Memphis, Tennessee 38120
United States
","recLE7etfSktv4AME","https://nacanicross.fillout.com/t/i7gVYy8GSWus?id=recLE7etfSktv4AME","
","Event by:  ","United States","08/13/2026 22:53:03","02/27/27","2027-02-27","Sat","Canicross Race","True","35.121611","Location:  Tennessee","-89.7998028","654","True","08/13/2026 22:53:07","Race654_02/27/27","Cobra Den Winter Series Anchieta 5K","recLE7etfSktv4AME","https://ultrasignup.com/register.aspx?did=142451","True",,"Tennessee",,,"28800"
"Cumberland ","1464 Diamond Hill Rd, Cumberland, RI 02864","02864","1464 Diamond Hill Rd, Cumberland, RI 02864
Cumberland , Rhode Island 02864
United States
","rec4nOkGxXyVLcNWP","https://nacanicross.fillout.com/t/i7gVYy8GSWus?id=rec4nOkGxXyVLcNWP","
","Event by:  ","United States","07/01/2026 14:01:47","03/14/27","2027-03-14","Sun","Dog Friendly Trail Race","True","41.9667656","Location:  Rhode Island","-71.4328363","601","True","07/01/2026 14:01:52","Race601_03/14/27","F.I.T ‘Rock Trail Race","rec4nOkGxXyVLcNWP","https://runsignup.com/Race/RI/Cumberland/FITRockTrailRace","True",,"Rhode Island",,,"25200"
"Middleburg","2A Live Oak Lane","32068","2A Live Oak Lane
Middleburg, Florida 32068
United States
","recaZl5NldUgKOJMZ","https://nacanicross.fillout.com/t/i7gVYy8GSWus?id=recaZl5NldUgKOJMZ","
","Event by:  ","United States","08/04/2026 19:27:42","04/03/27","2027-04-03","Sat","Dog Friendly Trail Race","True","30.0688512","Location:  Florida","-81.8603778","650","True","08/04/2026 19:27:56","Race650_04/03/27","Safe Animal Shelter Fundraiser Trail Run","recaZl5NldUgKOJMZ","https://ultrasignup.com/register.aspx?did=130857","True",,"Florida",,,
,,,"1100 Pine Grove Road
gardners, Pennsylvania 17324
United States
","recWRJ0PZUM6mF4pV","https://nacanicross.fillout.com/t/i7gVYy8GSWus?id=recWRJ0PZUM6mF4pV","
","Event by:  ","United States","01/14/2026 19:27:03","04/12/27","2027-04-12","Mon","Dog Friendly Trail Race","True","40.03296585","Location:  Pennsylvania","-77.30447800503069","398","True","02/18/2026 18:12:00","Race398_04/12/27","Buck Ridge Burn 5k-ish, 10k-ish","recWRJ0PZUM6mF4pV","https://buckridgeburn.com/registration-2026","True","True","Pennsylvania",,,
"Dillard","34°58'55.2""N 83°16'24.5""W","30537","34°58'55.2""N 83°16'24.5""W
Dillard, Georgia 30537
United States
","recLZF69u3DvIaqZb","https://nacanicross.fillout.com/t/i7gVYy8GSWus?id=recLZF69u3DvIaqZb","
","Event by:  ","United States","06/08/2026 20:53:10","06/06/27","2027-06-06","Sun","Dog Friendly Trail Race","True","34.9700911","Location:  Georgia","-83.3871006","588","True","06/08/2026 20:53:21","Race588_06/06/27","Rabun Half Marathon","recLZF69u3DvIaqZb","https://ultrasignup.com/register.aspx?did=140061","True",,"Georgia",,"12:00","28800"
"Laingsburg","7835 E Price Rd","48848","7835 E Price Rd
Laingsburg, Michigan 48848
United States
","reciBmfpyzVU5XWcC","https://nacanicross.fillout.com/t/i7gVYy8GSWus?id=reciBmfpyzVU5XWcC","
","Event by:  ","United States","07/31/2026 19:24:04","06/12/27","2027-06-12","Sat","Dog Friendly Trail Race","True","42.8915618","Location:  Michigan","-84.3496697","643","True","07/31/2026 19:24:34","Race643_06/12/27","Summer Trail Fest Ultra","reciBmfpyzVU5XWcC","https://runsignup.com/Race/Register/?raceId=103928","True",,"Michigan",,,
